months,income,cost of goods sold
Jan,2928,920
Feb,3100,940.6363636
Mar,3420,961.2727273
Apr,2103,981.9090909
May,3520,1002.545455
Jun,3107,1023.181818
Jul,3413,1043.818182
Aug,3120,1064.454545
Sep,2450,1085.090909
Oct,3290,1105.727273
Nov,2365,1126.363636
Dec,3831,1147
