months,income,cost of goods sold,accounts receivable
Jan,2928,920,834
Feb,3100,940.6363636,863
Mar,3420,961.2727273,853
Apr,2103,981.9090909,922
May,3520,1002.545455,911
Jun,3107,1023.181818,980
Jul,3413,1043.818182,1010
Aug,3120,1064.454545,1009
Sep,2450,1085.090909,1068
Oct,3290,1105.727273,1097
Nov,2365,1126.363636,1127
Dec,3831,1147,1156
